<?xml version="1.0" encoding="UTF-8"?>
<project-private xmlns="http://www.netbeans.org/ns/project-private/1">
    <editor-bookmarks xmlns="http://www.netbeans.org/ns/editor-bookmarks/2" lastBookmarkId="0"/>
    <open-files xmlns="http://www.netbeans.org/ns/projectui-open-files/2">
        <group>
            <file>file:/C:/Users/Nguyen%20Ba%20Duc/Desktop/BTL/src/btl/Main.java</file>
            <file>file:/C:/Users/Nguyen%20Ba%20Duc/Desktop/BTL/src/btl/GraphicsNetBeans.java</file>
            <file>file:/C:/Users/Nguyen%20Ba%20Duc/Desktop/BTL/src/btl/Repair.java</file>
            <file>file:/C:/Users/Nguyen%20Ba%20Duc/Desktop/BTL/src/btl/thongbao.java</file>
            <file>file:/C:/Users/Nguyen%20Ba%20Duc/Desktop/BTL/src/btl/DictionaryManagement.java</file>
            <file>file:/C:/Users/Nguyen%20Ba%20Duc/Desktop/BTL/file/List.txt</file>
        </group>
    </open-files>
</project-private>
