<?xml version="1.0" encoding="UTF-8"?>
<project-private xmlns="http://www.netbeans.org/ns/project-private/1">
    <editor-bookmarks xmlns="http://www.netbeans.org/ns/editor-bookmarks/2" lastBookmarkId="0"/>
    <open-files xmlns="http://www.netbeans.org/ns/projectui-open-files/2">
        <group>
            <file>file:/C:/Users/Nguyen%20Ba%20Duc/Documents/NetBeansProjects/Baitaplon1/src/Baitaplon1/Dictionary.java</file>
            <file>file:/C:/Users/Nguyen%20Ba%20Duc/Documents/NetBeansProjects/Baitaplon1/src/Baitaplon1/DictionaryCommandline.java</file>
            <file>file:/C:/Users/Nguyen%20Ba%20Duc/Documents/NetBeansProjects/Baitaplon1/src/Baitaplon1/DictionaryManagement.java</file>
            <file>file:/C:/Users/Nguyen%20Ba%20Duc/Documents/NetBeansProjects/Baitaplon1/src/Baitaplon1/DictionaryApplication.java</file>
            <file>file:/C:/Users/Nguyen%20Ba%20Duc/Documents/NetBeansProjects/Baitaplon1/src/Baitaplon1/add_frame.java</file>
            <file>file:/C:/Users/Nguyen%20Ba%20Duc/Documents/NetBeansProjects/Baitaplon1/src/Baitaplon1/GraphicsNetBeans.java</file>
            <file>file:/C:/Users/Nguyen%20Ba%20Duc/Documents/NetBeansProjects/Baitaplon1/src/Baitaplon1/Word.java</file>
            <file>file:/C:/Users/Nguyen%20Ba%20Duc/Documents/NetBeansProjects/Baitaplon1/src/Baitaplon1/Main.java</file>
        </group>
    </open-files>
</project-private>
